ID,TIMESTAMP,QUESTION,TABLES_SELECTED,KEYWORDS_RAW,KEYWORDS_FINAL,RETRIES,SUCCESS,REASONING,DEBUG_RAW,RAW_RESULT,FINAL_RESULT,TOKENS_PHASE1,TOKENS_PHASE2,TOKENS_PHASE3,TOKENS_PHASE5,ERROR
1,2026-05-04 15:42:52,"Qual è il numero medio di elettori maschi e totale di elettori in ogni zona per le elezioni del Senato della Repubblica, e qual è il numero medio di voti per ogni partito nelle elezioni europee?","elezioni-politiche-2022-affluenza-votanti-senato-delle-repubblica.csv, elezioni-europee-2019-preferenze-alle-liste.csv","elezioni, elettori, senato, voti, partito, numero, medio, votanti, consultazioni, scrutini, preferenze, schieramento","elezioni, elettori, senato, voti, partito, numero, medio, votanti, consultazioni, scrutini, preferenze, schieramento",0,True,Il file elezioni-politiche-2022-affluenza-votanti-senato-delle-re</strong>repubblica.csv contiene i dati relativi agli elettori maschi e totali per zona per le elezioni del Senato. Il file elezioni-europee-2019-preferenze-alle-liste.csv contiene i voti per i vari partiti nelle elezioni europee.,"elezioni, elettori, senato, voti, partito, numero, medio, votanti, consultazioni, scrutini, preferen",--- ELEZIONI SENATO 2022 (Media per Zona) ---                     elettori_maschi    elettori  zona                                            BARCA                   310.782609  670.521739  BOLOGNINA               314.945946  646.675676  BORGO PANIGALE          340.555556  703.370370  COLLI                   300.666667  654.777778  CORTICELLA              327.894737  684.684211  COSTA - SARAGOZZA       316.607143  680.142857  GALVANI                 278.944444  602.777778  IRNERIO                 282.388,"Per le elezioni del Senato, il numero medio di elettori maschi varia tra circa 267 e 388, con un totale di elettori che oscilla tra circa 580 e 811 per zona. Nelle elezioni europee, la media dei voti per partito spazia da meno di un voto per alcuni gruppi fino a circa 167 per il Partito Democratico.",1262,39424,4528,3954,
2,2026-05-04 15:51:20,Qual è il numero totale di elettori maschi al Senato della Repubblica e alla Camera dei Deputati in ogni zona?,"elezioni-politiche-2022-affluenza-votanti-camera-dei-deputati.csv, elezioni-politiche-2022-affluenza-votanti-senato-delle-repubblica.csv","elettori, maschi, senato, camera, deputati, numero, zona, voto, elettorato, circoscrizione, parlamentare","elettori, maschi, senato, camera, deputati, numero, zona, voto, elettorato, circoscrizione, parlamentare",0,False,"I selected these two files because they contain the number of male voters (elettori_maschi) and the zone (zona) for the 2022 elections for both the Chamber of Deputies and the Senate, which directly answers the user's question using the most recent available data.","elettori, maschi, senato, camera, deputati, numero, zona, voto, elettorato, circoscrizione, parlamen","[EXECUTION ERROR]:  File ""/home/gabriele.martinelli/LakeGen/lakegen_demo/coding/script.py"", line 1      It appears you have provided a dataset but have not specified the task you would like me to perform with it.          ^^^^^^^  SyntaxError: invalid syntax",,0,0,24791,0,
3,2026-05-04 15:52:09,Qual è il numero totale di elettori maschi al Senato della Repubblica e alla Camera dei Deputati in ogni zona?,"elezioni-politiche-2022-affluenza-votanti-camera-dei-deputati.csv, elezioni-politiche-2022-affluenza-votanti-senato-delle-repubblica.csv","elettori, maschi, senato, camera, deputati, numero, zona, voto, elettorato, circoscrizione, parlamentare","elettori, maschi, senato, camera, deputati, numero, zona, voto, elettorato, circoscrizione, parlamentare",1,True,"I selected these two files because they contain the number of male voters (elettori_maschi) and the zone (zona) for the 2022 elections for both the Chamber of Deputies and the Senate, which directly answers the user's question using the most recent available data.","elettori, maschi, senato, camera, deputati, numero, zona, voto, elettorato, circoscrizione, parlamen",Total number of zones found: 18            zona  camera_elettori_maschi  senato_elettori_maschi  totale_elettori_maschi_totale           barca                    7148                    7148                          14296       bolognina                   11653                   11653                          23306  borgo panigale                    9195                    9195                          18390           colli                    2706                    2706                           541,"Il numero totale di elettori maschi tra Senato e Camera è di 14.296 a barca, 23.306 a bolognina, 18.390 a borgo panigale, 5.412 a colli e 12.460 a corticella.",851,14153,30557,1482,
4,2026-05-04 16:24:25,"Qual è il numero totale di elettori in ogni zona per le elezioni europee del 2019, e qual è la percentuale di elettori che hanno votato per ogni candidato alle elezioni regionali del 2020?","elezioni-europee-2019-dati-affluenza.csv, elezioni-regionali-26-gennaio-2020-voti-ai-presidenti-candidati.csv, elezioni-regionali-26-gennaio-2020-votanti-maschi-e-femmine.csv","elettori, elezioni, europee, 2019, regionali, 2020, numero, percentuale, candidato, zona, voto, affluenza, scrutinio","elettori, elezioni, europee, 2019, regionali, 2020, numero, percentuale, candidato, zona, voto, affluenza, scrutinio",0,False,The file elezioni-europee-2019-dati-affluenza.csv provides the turnout data for the 2019 European elections. The files elezioni-regionali-26-gennaio-2020-voti-ai-presidenti-candidati.csv and elezioni-regionali-26-gennaio-2020-votanti-maschi-e-femmine.csv are needed to calculate the percentage of votes for candidates in the 2020 regional elections by providing both the candidate votes and the total number of voters.,"elettori, elezioni, europee, 2019, regionali, 2020, numero, percentuale, candidato, zona, voto, affl","[EXECUTION ERROR]:  Traceback (most recent call last):    File ""/home/gabriele.martinelli/LakeGen/lakegen_demo/coding/script.py"", line 72, in <module>      solve()      ~~~~~^^    File ""/home/gabriele.martinelli/LakeGen/lakegen_demo/coding/script.py"", line 19, in solve      df_2019_summary = df_2019.groupby('zona')['totale_votan'].sum().reset_index()                        ~~~~~~~~~~~~~~~^^^^^^^^    File ""/home/gabriele.martinelli/LakeGen/lakegen_demo/.venv/lib/python3.14/site-packages/pandas/core/frame",,0,0,3815,0,
5,2026-05-04 16:25:05,"Qual è il numero totale di elettori in ogni zona per le elezioni europee del 2019, e qual è la percentuale di elettori che hanno votato per ogni candidato alle elezioni regionali del 2020?","elezioni-europee-2019-dati-affluenza.csv, elezioni-regionali-26-gennaio-2020-voti-ai-presidenti-candidati.csv, elezioni-regionali-26-gennaio-2020-votanti-maschi-e-femmine.csv","elettori, elezioni, europee, 2019, regionali, 2020, numero, percentuale, candidato, zona, voto, affluenza, scrutinio","elettori, elezioni, europee, 2019, regionali, 2020, numero, percentuale, candidato, zona, voto, affluenza, scrutinio",1,True,The file elezioni-europee-2019-dati-affluenza.csv provides the turnout data for the 2019 European elections. The files elezioni-regionali-26-gennaio-2020-voti-ai-presidenti-candidati.csv and elezioni-regionali-26-gennaio-2020-votanti-maschi-e-femmine.csv are needed to calculate the percentage of votes for candidates in the 2020 regional elections by providing both the candidate votes and the total number of voters.,"elettori, elezioni, europee, 2019, regionali, 2020, numero, percentuale, candidato, zona, voto, affl",,"Mi dispiace, ma non sono stati trovati dati per rispondere a questa specifica richiesta.",1931,4574,10029,868,
6,2026-05-04 16:36:15,"Qual è il numero totale di elettori in ogni zona per le elezioni europee del 2019, e qual è la percentuale di elettori che hanno votato per ogni candidato alle elezioni regionali del 2020?","elezioni-europee-2019-dati-affluenza.csv, elezioni-regionali-26-gennaio-2020-voti-ai-presidenti-candidati.csv","elettori, elezioni, europee, 2019, percentuale, candidato, regionali, 2020, voto, scrutinio, risultati","elettori, elezioni, europee, 2019, percentuale, candidato, regionali, 2020, voto, scrutinio, risultati",0,True,"The file elezioni-europee-2019-dati-affluenza.csv provides the total number of voters per zone for the 2019 European elections. The file elezioni-regionali-26-gennaio-2020-voti-ai-presidenti-candidati.csv contains the votes for each candidate and the total number of voters for the 2020 regional elections, allowing for the calculation of the percentage of votes per candidate.","elettori, elezioni, europee, 2019, percentuale, candidato, regionali, 2020, voto, scrutinio, risulta","Error: Column 'zona' not found in 2019 data. Available: ['ni_sez,quartiere,zona,ni_iscr_m,ni_iscr_f,totale_iscr,ni_votan_m,ni_votan_f,totale_votan,id']","Mi dispiace, ma non sono stati trovati dati per rispondere a questa specifica richiesta.",2584,11360,7404,1008,
7,2026-05-04 16:46:22,"Qual è il numero totale di elettori in ogni zona per le elezioni europee del 2019, e qual è la percentuale di elettori che hanno votato per ogni candidato alle elezioni regionali del 2020?","elezioni-europee-2019-dati-affluenza.csv, elezioni-regionali-26-gennaio-2020-voti-ai-presidenti-candidati.csv, elezioni-regionali-26-gennaio-2020-votanti-maschi-e-femmine.csv","elettori, elezioni, europee, 2019, percentuale, candidato, regionali, 2020, numero, zona, voto, scrutinio, risultati","elettori, elezioni, europee, 2019, percentuale, candidato, regionali, 2020, numero, zona, voto, scrutinio, risultati",0,True,"The file elezioni-europee-2019-dati-affluenza.csv contains turnout data for the 2019 European elections, which is necessary to find the total number of voters per zone. The file elezioni-regionali-26-gennaio-2020-voti-ai-presidenti-candidati.csv provides the votes for candidates in the 2020 regional elections. The file elezioni-regionali-26-gennaio-2020-votanti-maschi-e-femmine.csv is needed to obtain the total number of voters in the 2020 regional elections to calculate the percentage for each candidate.","elettori, elezioni, europee, 2019, percentuale, candidato, regionali, 2020, numero, zona, voto, scru",Total zones found: 18            zona  totale_elettori_2019_euro  perc_battaglia_2020_reg  perc_benini_2020_reg  perc_bergamini_2020_reg  perc_bonaccini_2020_reg  perc_borgonzoni_2020_reg  perc_collot_2020_reg  perc_lugli_2020_reg           barca                      10298                 0.269284              2.840514                 0.330090                64.671647                 29.890549              0.277971             0.243224       bolognina                      14474                 0.23,"Nelle zone indicate, il numero di elettori per le europee del 2019 varia da 3.809 a 14.474, mentre alle regionali del 2020 il candidato Bonaccini ha ottenuto le percentuali più alte, tra il 54,4% e il 65,8%.",1408,4765,4510,3251,
8,2026-05-05 09:46:02,"Qual è la relazione tra la latitudine delle aziende agricole e la percentuale di minori nella stessa area, considerando la popolazione di ogni area?","elenco-esercizi-agricoltura.csv, quartieri-statistiche-socio-demografiche.csv","latitudine, aziende, agricole, percentuale, minori, popolazione, area, demografia, agricoltura, densità, territorio","latitudine, aziende, agricole, percentuale, minori, popolazione, area, demografia, agricoltura, territorio",0,True,"Il file elenco-esercizi-agricoltura.csv contiene la latitudine delle aziende agricole e il quartiere di appartenenza. Il file quartieri-statistiche-socio-demografiche.csv contiene la percentuale di minori (popolazione 0-14) e la popolazione residente per ogni quartiere, permettendo di calcolare la relazione richiesta.","latitudine, aziende, agricole, percentuale, minori, popolazione, area, demografia, agricoltura, dens",,"Mi dispiace, ma non sono stati trovati dati per rispondere alla tua domanda.",1624,34198,21114,781,
9,2026-05-06 09:09:46,Quante colonnine elettriche sono attualmente gestite da 'Enel X' nel dataset?,colonnine-elettriche.csv,"colonnine, elettriche, enel, x, dataset, ricarica, veicoli, elettrici, infrastruttura, charging, stations","colonnine, elettriche, enel, x, dataset, ricarica, veicoli, elettrici, infrastruttura, charging, stations",0,True,"Il file colonnine-elettriche.csv contiene informazioni sugli operatori delle colonnine, permettendo di filtrare per 'Enel X', e include lo stato delle colonnine per identificare quelle attualmente attive.",,Il numero di colonnine elettriche attualmente gestite da 'Enel X' è: 31,"Attualmente, ci sono 31 colonnine elettriche gestite da Enel X.",3333,6872,2775,651,
10,2026-05-06 09:16:45,"Qual è la relazione tra la latitudine delle aziende agricole e la percentuale di minori nella stessa area, considerando la popolazione di ogni area?","elenco-esercizi-agricoltura.csv, popolazione-residente-per-eta-sesso-cittadinanza-quartiere-zona-area-statistica-.csv","latitudine, aziende agricole, percentuale, minori, popolazione, area, relazione, demografia, agricoltura, statistica","latitudine, aziende, agricole, percentuale, minori, popolazione, area, relazione, demografia, agricoltura, statistica",0,False,"Il file elenco-esercizi-agricoltura.csv contiene la latitudine delle aziende agricole e la loro area statistica. Il file popolazione-residente-per-eta-sesso-cittadinanza-quartiere-zona-area-statistica-.csv contiene i dati sulla popolazione per area statistica, inclusi i dati per fasce d'eta (per identificare i minori) e il numero totale di residenti.","latitudine, aziende agricole, percentuale, minori, popolazione, area, relazione, demografia, agricol","[EXECUTION ERROR]:  File ""/home/gabriele.martinelli/LakeGen/lakegen_demo/coding/script.py"", line 1      import pandas as                      ^  SyntaxError: invalid syntax",,0,0,3756,0,
11,2026-05-06 09:17:46,"Qual è la relazione tra la latitudine delle aziende agricole e la percentuale di minori nella stessa area, considerando la popolazione di ogni area?","elenco-esercizi-agricoltura.csv, popolazione-residente-per-eta-sesso-cittadinanza-quartiere-zona-area-statistica-.csv","latitudine, aziende agricole, percentuale, minori, popolazione, area, relazione, demografia, agricoltura, statistica","latitudine, aziende, agricole, percentuale, minori, popolazione, area, relazione, demografia, agricoltura, statistica",1,True,"Il file elenco-esercizi-agricoltura.csv contiene la latitudine delle aziende agricole e la loro area statistica. Il file popolazione-residente-per-eta-sesso-cittadinanza-quartiere-zona-area-statistica-.csv contiene i dati sulla popolazione per area statistica, inclusi i dati per fasce d'eta (per identificare i minori) e il numero totale di residenti.","latitudine, aziende agricole, percentuale, minori, popolazione, area, relazione, demografia, agricol",[EXECUTION ERROR IN STDOUT]:  Error: File not found. [Errno 2] No such file or directory: '/home/agriele.martinelli/LakeGen/lakegen_demo/data/bologna/datasets/csv/popolazione-residente-per-eta-sesso-cittadinanza-quartiere-zona-area-statistica-.csv',,0,0,14080,0,
12,2026-05-06 09:55:22,Quante colonnine elettriche sono attualmente gestite da 'Enel X' nel dataset?,colonnine-elettriche.csv,"colonnine, elettriche, enel, x, dataset, ricarica, infrastruttura, mobilità, charging","colonnine, elettriche, enel, x, dataset, ricarica, infrastruttura, charging",0,True,Il file colonnine-elettriche.csv contiene la colonna operatore che include Enel X e la colonna stato per verificare le colonnine attive.,,Il numero di colonnine elettriche attualmente gestite da 'Enel X' è: 31,"Attualmente, ci sono 31 colonnine elettriche gestite da Enel X.",1277,6563,2126,727,
