ID,TIMESTAMP,QUESTION,TABLES_SELECTED,KEYWORDS_RAW,KEYWORDS_FINAL,RETRIES,SUCCESS,REASONING,DEBUG_RAW,RAW_RESULT,FINAL_RESULT,ERROR
1,2026-04-16 10:01:55,"What are the top 5 countries in the world by happiness score, and what is their cost of living index?","2019.csv, Cost_of_Living_Index_by_Country_2024.csv","nation, global, well-being, indicator, expense","5, country, world, happiness, score, cost, living, index, nation, global, well, being",0,True,"2019.csv provides the most recent happiness scores and country rankings (no year specified by user, so use latest per Priority 5 rule). Cost_of_Living_Index_by_Country_2024.csv provides the cost of living index data needed to answer the second part of the question.","nation, global, well-being, indicator, expense",Top 5 Countries by Happiness Score and Cost of Living Index:  Country or region  Score  Cost of Living Index            Finland  7.769                  63.2            Denmark  7.600                  72.3             Norway  7.554                  76.0            Iceland  7.494                  83.0        Netherlands  7.488                  63.1,"Finland leads the list with a happiness score of 7.769 and a cost of living index of 63.2, followed by Denmark, Norway, Iceland, and the Netherlands with happiness scores of 7.600, 7.554, 7.494, and 7.488 and cost of living indices of 72.3, 76.0, 83.0, and 63.1 respectively.",
2,2026-04-16 10:05:10,How many countries have a happiness score above 6 but a Local Purchasing Power Index (LPI) below 50?,"2019.csv, Cost_of_Living_Index_by_Country_2024.csv","nation, satisfaction, indicator, metric, threshold","country, happiness, score, 6, local, purchasing, power, index, lpi, 50, nation, satisfaction",0,True,Need happiness score data from 2019.csv (most recent year per Priority 5 rule) and LPI data from Cost_of_Living_Index_by_Country_2024.csv. Both files are required to filter countries meeting both criteria.,"nation, satisfaction, indicator, metric, threshold",,"I'm sorry, but there is no data available to answer your question about countries with a happiness score above 6 and an LPI below 50.",
3,2026-04-16 10:08:36,How many countries have a happiness score above 6 but a Local Purchasing Power Index (LPI) below 50?,"2019.csv, Cost_of_Living_Index_by_Country_2024.csv","nation, satisfaction, indicator, metric, threshold","country, happiness, score, 6, local, purchasing, power, index, lpi, 50, nation, satisfaction",0,True,Need happiness score data from 2019.csv (most recent year per Priority 5 rule) and LPI data from Cost_of_Living_Index_by_Country_2024.csv. Both files are required to filter countries meeting both criteria.,"nation, satisfaction, indicator, metric, threshold",,The raw result is:  ,
4,2026-04-16 10:11:11,Which 5 Fire-type Pokémon have the highest Attack stat?,Pokemon.csv,"damage, power, species, element, tier","5, type, pokémon, highest, attack, stat, damage, power, species, element, tier",0,True,Pokemon.csv contains the required data fields including type and attack stats needed to identify Fire-type Pokémon and rank them by Attack stat. The other files are completely unrelated to Pokémon data.,"damage, power, species, element, tier",Name  Attack Type 1      BlazikenMega Blaziken     160   Fire    DarmanitanStandard Mode     140   Fire  CharizardMega Charizard X     130   Fire                    Flareon     130   Fire                      Ho-oh     130   Fire,The raw result is:  Name  Attack Type 1      BlazikenMega Blaziken     160   Fire    DarmanitanStandard Mode     140   Fire  CharizardMega Charizard X     130   Fire                    Flareon     130   Fire                      Ho-oh     130   Fire,
5,2026-04-16 10:16:40,What was the average cost of organic avocados sold in Chicago in 2017?,avocado.csv,"price, median, produce, marketed, timeframe","average, cost, organic, avocado, sold, chicago, 2017, price, median, produce, marketed, timeframe",0,True,"The avocado.csv file is the only dataset containing avocado-specific data with columns for AveragePrice, year, region, and type. This file can provide the average cost of avocados by year and region. The other files are unrelated: 2017.csv contains happiness data, SuperMarket Analysis.csv shows 2019 data from different cities, Cost_of_Living_Index_by_Country_2024.csv contains general cost of living indices, and shanghaiData.csv contains university rankings.","price, median, produce, marketed, timeframe",The average cost of organic avocados sold in Chicago in 2017 was: 1.8233962264150942,The raw result is:  The average cost of organic avocados sold in Chicago in 2017 was: 1.8233962264150942,
6,2026-04-16 10:19:43,"In the 2024 cost of living data, how many countries have a 'Groceries Index' higher than the 'Rent Index'?",Cost_of_Living_Index_by_Country_2024.csv,"nations, housing, expenditure, statistics, metrics","2024, cost, living, data, country, grocery, index, higher, rent, nations, housing, expenditure",0,True,This file contains the 2024 cost of living data with both Groceries Index and Rent Index columns needed to answer the question. It is the only file required as the comparison is between two columns within the same dataset.,"nations, housing, expenditure, statistics, metrics",Number of countries with Groceries Index higher than Rent Index: 121,"Based on the 2024 cost of living data, there are 121 countries where the Groceries Index is higher than the Rent Index.",
7,2026-04-16 10:22:31,Which nations had the lowest score in well-being and life expectancy in 2017?,2017.csv,"countries, minimum, ranking, welfare, longevity","nation, lowest, score, life, expectancy, 2017, countries, minimum, ranking, welfare, longevity",0,True,"The 2017.csv file contains both Happiness.Score (well-being) and Health..Life.Expectancy. (life expectancy) metrics for 2017, which directly answers the user question about nations with lowest scores in these two areas for the specified year.","countries, minimum, ranking, welfare, longevity",,"Unfortunately, there is no data available to answer your question about the nations with the lowest well-being and life expectancy scores in 2017. I'd be happy to help if you can provide the relevant information.",
8,2026-04-16 10:24:15,Which nations had the lowest score in well-being and life expectancy in 2017?,2017.csv,"country, minimum, rating, longevity, index","nation, lowest, score, life, expectancy, 2017, country, minimum, rating, longevity, index",0,True,"The user explicitly asks for data from 2017 regarding well-being and life expectancy. The 2017.csv file contains both Happiness.Score (well-being) and Health..Life.Expectancy. (life expectancy) columns with Country data for the year 2017, making it the only file needed to answer the question.","country, minimum, rating, longevity, index",Country  Happiness.Score  Health..Life.Expectancy.  154  Central African Republic            2.693                  0.018773,"Based on the data provided, the Central African Republic had the lowest well-being and life expectancy scores in 2017, with a happiness score of 2.693 and a life expectancy value of 0.018773.",
9,2026-04-16 10:26:40,Compare the happiness score of Italy in 2015 with its happiness score in 2019. Did it improve?,"2015.csv, 2019.csv","index, metric, satisfaction, assess, trend","compare, happiness, score, italy, 2015, 2019, did, improve, index, metric, satisfaction, assess",0,False,The user needs to compare Italy's happiness score in 2015 with 2019. The 2015.csv file contains happiness data for 2015 with Country and Happiness Score columns. The 2019.csv file contains happiness data for 2019 with Country or region and Score columns. Both files are needed to get the happiness scores for Italy in both years for comparison.,"index, metric, satisfaction, assess, trend","[EXECUTION ERROR]:  Traceback (most recent call last):    File ""/home/gabriele.martinelli/LakeGen/LakeGen_T/.venv/lib/python3.14/site-packages/pandas/core/indexes/base.py"", line 3812, in get_loc      return self._engine.get_loc(casted_key)             ~~~~~~~~~~~~~~~~~~~~^^^^^^^^^^^^    File ""pandas/_libs/index.pyx"", line 167, in pandas._libs.index.IndexEngine.get_loc    File ""pandas/_libs/index.pyx"", line 196, in pandas._libs.index.IndexEngine.get_loc    File ""pandas/_libs/hashtable_class_helper.pxi"",",,
10,2026-04-16 10:27:06,Compare the happiness score of Italy in 2015 with its happiness score in 2019. Did it improve?,"2015.csv, 2019.csv","index, metric, satisfaction, assess, trend","compare, happiness, score, italy, 2015, 2019, did, improve, index, metric, satisfaction, assess",1,True,The user needs to compare Italy's happiness score in 2015 with 2019. The 2015.csv file contains happiness data for 2015 with Country and Happiness Score columns. The 2019.csv file contains happiness data for 2019 with Country or region and Score columns. Both files are needed to get the happiness scores for Italy in both years for comparison.,"index, metric, satisfaction, assess, trend",Italy's happiness score improved from 5.948 in 2015 to 6.223 in 2019.,"Yes, Italy's happiness score did improve, rising from 5.948 in 2015 to 6.223 in 2019.",
11,2026-04-16 10:29:38,"Which country has the highest score in the world, and what is its local purchasing power index?","Cost_of_Living_Index_by_Country_2024.csv, 2019.csv","nation, global, metric, ranking, parity","country, highest, score, world, local, purchasing, power, index, nation, global, metric, ranking",0,True,"Cost_of_Living_Index_by_Country_2024.csv contains the Local Purchasing Power Index and Country columns needed for the purchasing power data. 2019.csv contains the happiness scores by country. Since no year was specified in the question, the most recent year (2019) is used. The two files can be joined on the country column to find the country with the highest score and its corresponding purchasing power index.","nation, global, metric, ranking, parity",Country with highest score: finland  Local Purchasing Power Index: 118.0,"Finland has the highest score in the world, with a local purchasing power index of 118.0.",
12,2026-04-16 10:32:16,Is there a relationship between avocado prices and the happiness of a region?,"avocado.csv, 2019.csv","correlation, welfare, expenditure, locality, association","relationship, avocado, price, happiness, region, correlation, welfare, expenditure, locality, association",0,True,avocado.csv provides avocado price data with region information. 2019.csv provides the most recent happiness data with country/region information. These two files can be joined on region/country to analyze the relationship between avocado prices and happiness.,"correlation, welfare, expenditure, locality, association",ERROR_EMPTY: No matching records found for those filters,"I'm afraid there is no data available to answer that question, as no matching records were found for this specific request.",
13,2026-04-16 10:34:44,Which 5 countries produced the most Netflix TV shows released after 2018?,netflix_titles.csv,"nations, created, streaming, series, aired","5, country, produced, netflix, tv, show, released, 2018, nations, created, streaming, series",0,True,"The netflix_titles.csv file contains the required columns (country, release_year) to identify which countries produced the most Netflix TV shows released after 2018. All other candidate files are about unrelated topics (happiness rankings, school data, supermarket analysis) and cannot provide Netflix show information.","nations, created, streaming, series, aired",,"Unfortunately, no data was found to determine which countries produced the most Netflix TV shows released after 2018.",
14,2026-04-16 10:37:01,Which 5 countries produced the most Netflix TV shows released after 2018?,netflix_titles.csv,"regions, series, created, premiered, streaming","5, country, produced, netflix, tv, show, released, 2018, regions, series, created, premiered",0,True,"The netflix_titles.csv file contains the required columns (country, release_year) to identify which countries produced the most Netflix TV shows released after 2018. All other candidate files are about unrelated topics (happiness rankings, school data, supermarket analysis) and cannot provide Netflix show information.","regions, series, created, premiered, streaming",,"I'm sorry, but there is no data available in the provided results to answer your question about the top 5 countries for Netflix TV shows released after 2018.",
15,2026-04-16 10:39:42,What is the total gross income generated by the 'Health and beauty' product line for each branch in the supermarket dataset?,SuperMarket Analysis.csv,"revenue, earnings, sales, turnover, aggregate","total, gross, income, generated, health, beauty, product, line, branch, supermarket, dataset, revenue",0,True,"The SuperMarket Analysis.csv file contains the required topics: gross (for gross income), product (for product line including Health and beauty), branch (for each branch), and supermarket. All other candidate files are unrelated to supermarket data - avocado.csv is about avocado sales, education files are about education expenditure, timesData.csv is about university rankings, 2018.csv and 2019.csv are about happiness data, and netflix_titles.csv is about Netflix content. Only SuperMarket Analysis.csv matches the user's question about supermarket product lines, gross income, and branches.","revenue, earnings, sales, turnover, aggregate",Branch  gross income  0   Alex       599.893  1  Cairo       951.460  2   Giza       791.206,"The 'Health and beauty' product line generated a total gross income of 599.893 at Alex, 951.460 at Cairo, and 791.206 at Giza.",
16,2026-04-16 10:42:48,Which non-Legendary Water-type Pokémon has the highest total stats (Total)?,Pokemon.csv,,"non, legendary, water, type, pokémon, highest, total, stats",0,True,"Pokemon.csv is the only file containing Pokémon data with relevant columns for type, legendary status, and total stats. The other files (avocado.csv and education_expenditure_supplementary_data.csv) are unrelated to the Pokémon topic and should be excluded.",,"Name: GyaradosMega Gyarados, Total: 640","The raw result is:  Name: GyaradosMega Gyarados, Total: 640",
17,2026-04-16 13:12:28,Calculate the average of the 'Restaurant Price Index' of the 10 happiest countries in the world according to the 2018 report.,"2018.csv, Cost_of_Living_Index_by_Country_2024.csv","compute, mean, expenditure, indicator, dining","calculate, average, restaurant, price, index, 10, happiest, country, world, according, 2018, report",0,True,"Need 2018.csv to identify the top 10 happiest countries by overall rank, and Cost_of_Living_Index_by_Country_2024.csv to retrieve the Restaurant Price Index for those countries to calculate the average.","compute, mean, expenditure, indicator, dining",The average Restaurant Price Index for the top 10 happiest countries is: 69.94000000000001,"Based on the 2018 report, the average Restaurant Price Index for the 10 happiest countries is approximately 69.94.",
18,2026-04-16 14:25:07,"How many Pokémon have a higher 'Attack' stat than 'Defense' stat, and belong to the 'Fire' Type (Type 1)?",Pokemon.csv,"offensive, durability, attribute, element, creature","pokémon, higher, attack, stat, defense, belong, type, 1, offensive, durability, attribute, element",0,True,"The user question is about Pokémon stats (Attack, Defense) and Type 1 (Fire). Only Pokemon.csv contains the relevant columns (attack, defensive, type) needed to answer this question. The 2017.csv file is about happiness/survey data and is completely unrelated to Pokémon data.","offensive, durability, attribute, element, creature",,I'm afraid there is no data available to answer your question about Fire-type Pokémon with higher Attack than Defense.,
19,2026-04-16 14:27:28,"How many Pokémon have a higher 'Attack' stat than 'Defense' stat, and belong to the 'Fire' Type (Type 1)?",Pokemon.csv,"metric, element, creature, greater, resilience","pokémon, higher, attack, stat, defense, belong, type, 1, metric, element, creature, greater",0,True,"Pokemon.csv contains the required columns (attack, defensive, type) needed to filter Pokémon with Attack > Defense and Type 1 = Fire. The 2017.csv file is about happiness/survey data and is completely unrelated to the Pokémon question.","metric, element, creature, greater, resilience",Number of Pokémon: 43,There are 43 Pokémon that have a higher Attack stat than Defense and belong to the Fire type.,
20,2026-04-16 14:30:19,Which country experienced the largest increase in its Happiness Score from 2018 to 2019?,"2018.csv, 2019.csv","nation, growth, maximum, satisfaction, index","country, experienced, largest, increase, happiness, score, 2018, 2019, nation, growth, maximum, satisfaction",0,True,"Both files contain happiness score data for countries in 2018 and 2019 respectively with matching column structures including Country or region and Score columns, which are required to calculate the increase in happiness scores between these two years.","nation, growth, maximum, satisfaction, index","Country: Burundi, Increase: 0.8700000000000001","The raw result is:  Country: Burundi, Increase: 0.8700000000000001",
21,2026-04-16 14:34:57,"Among the top 20 happiest countries in 2019, which country has the lowest 'Groceries Index'?","2019.csv, Cost_of_Living_Index_by_Country_2024.csv","nations, metrics, indicators, rankings, minimum","20, happiest, country, 2019, lowest, grocery, index, nations, metrics, indicators, rankings, minimum",0,True,Need 2019.csv for top 20 happiest countries in 2019 and Cost_of_Living_Index_by_Country_2024.csv for Groceries Index data. These two files can be joined on country names to answer the question.,"nations, metrics, indicators, rankings, minimum","Country: Czech Republic, Groceries Index: 44.4","Based on the information provided, the Czech Republic has the lowest Groceries Index at 44.4 among the top 20 happiest countries in 2019.",
22,2026-04-16 14:37:46,What is the most common 'rating' for Movies directed by 'Steven Spielberg' on Netflix?,netflix_titles.csv,"score, film, helmed, streaming, frequent","common, rating, movie, directed, steven, spielberg, netflix, score, film, helmed, streaming, frequent",0,True,"The question asks about Netflix movies, directors, and ratings. Only netflix_titles.csv contains the relevant columns for movie, director, and rating information needed to find the most common rating for Steven Spielberg's movies.","score, film, helmed, streaming, frequent",The most common 'rating' for Movies directed by 'Steven Spielberg' is: PG,"According to the data provided, the most common rating for movies directed by Steven Spielberg on Netflix is PG.",
23,2026-04-16 14:39:36,What is the total sum of sales for the 'Electronic accessories' product line in the city of 'Yangon'?,SuperMarket Analysis.csv,"aggregate, revenue, category, region, transactions","total, sum, sale, electronic, accessory, product, line, city, yangon, aggregate, revenue, category",0,True,"This file contains the required columns: City, Product line, and Sales. It has data for both the product line (Electronic accessories) and city (Yangon) needed to calculate the total sum of sales. The other candidate files are about unrelated topics (avocados, education expenditure, cost of living) and cannot provide the required information.","aggregate, revenue, category, region, transactions",The total sum of sales for the 'Electronic accessories' product line in the city of 'Yangon' is: 18317.1135,The total sales for the Electronic accessories product line in Yangon come to 18317.1135.,
24,2026-04-16 14:48:50,What was the average cost of organic avocados sold in Chicago in 2017?,avocado.csv,"price, mean, produce, transacted, natural","average, cost, organic, avocado, sold, chicago, 2017, price, mean, produce, transacted, natural",0,True,"The avocado.csv file is the only dataset that contains avocado-related data with columns for year, region, and type. The other files are either about happiness (2017.csv), cost of living indices by country (Cost_of_Living_Index_by_Country_2024.csv), unrelated supermarket data (SuperMarket Analysis.csv), or academic data (shanghaiData.csv). According to Priority 3, we should not select 2017.csv just because it has the year in the filename when its topic is completely unrelated to avocados.","price, mean, produce, transacted, natural",The average cost of organic avocados sold in Chicago in 2017 was 1.8233962264150942,The raw result is:  The average cost of organic avocados sold in Chicago in 2017 was 1.8233962264150942,
25,2026-04-16 14:52:32,"What are the top 5 countries in the world by happiness score, and what is their cost of living index?","2019.csv, Cost_of_Living_Index_by_Country_2024.csv","nations, satisfaction, rating, budget, metric","5, country, world, happiness, score, cost, living, index, nations, satisfaction, rating, budget",0,True,2019.csv contains happiness scores with country data (most recent year available per MISSING OR UNSPECIFIED YEARS RULE). Cost_of_Living_Index_by_Country_2024.csv contains cost of living index data by country. Both files are needed to answer the question about top 5 countries by happiness score and their cost of living index.,"nations, satisfaction, rating, budget, metric",Country or region  Score  Cost of Living Index  0           Finland  7.769                  63.2  1           Denmark  7.600                  72.3  2            Norway  7.554                  76.0  3           Iceland  7.494                  83.0  4       Netherlands  7.488                  63.1,"Finland leads the rankings with a happiness score of 7.769 and a cost of living index of 63.2, followed by Denmark, Norway, Iceland, and the Netherlands with scores of 7.600, 7.554, 7.494, and 7.488 and cost of living indices of 72.3, 76.0, 83.0, and 63.1 respectively.",
26,2026-04-16 14:54:51,How many countries have a happiness score above 6 but a Local Purchasing Power Index (LPI) below 50?,"2019.csv, Cost_of_Living_Index_by_Country_2024.csv","nation, welfare, metric, parity, threshold","country, happiness, score, 6, local, purchasing, power, index, lpi, 50, nation, welfare",0,True,Need 2019.csv for happiness scores (most recent year available) and Cost_of_Living_Index_by_Country_2024.csv for Local Purchasing Power Index data. These files can be joined to filter countries with happiness score > 6 and LPI < 50.,"nation, welfare, metric, parity, threshold",12,"There are 12 countries that meet your criteria, having a happiness score above 6 and a Local Purchasing Power Index below 50.",
27,2026-04-16 14:56:47,Which 5 Fire-type Pokémon have the highest Attack stat?,Pokemon.csv,"fire, element, power, ranking, mon","5, type, pokémon, highest, attack, stat, fire, element, power, ranking, mon",0,True,"Pokemon.csv is the only file containing Pokémon data with type and attack stat columns needed to identify Fire-type Pokémon and rank them by Attack stat. The other files (Cost_of_Living_Index_by_Country_2024.csv, school_and_country_table.csv, 2016.csv) are unrelated to Pokémon data.","fire, element, power, ranking, mon",Name  Attack Type 1      BlazikenMega Blaziken     160   Fire    DarmanitanStandard Mode     140   Fire  CharizardMega Charizard X     130   Fire                    Flareon     130   Fire                      Ho-oh     130   Fire,"Based on the data provided, the Fire-type Pokémon with the highest Attack stats are Mega Blaziken at 160, Darmanitan at 140, and Mega Charizard X, Flareon, and Ho-oh, which all share an Attack stat of 130.",
28,2026-04-16 14:59:59,What was the average cost of organic avocados sold in Chicago in 2017?,avocado.csv,"price, median, produce, transacted, metro","average, cost, organic, avocado, sold, chicago, 2017, price, median, produce, transacted, metro",0,True,"avocado.csv is the only file containing avocado data with columns for year, region, type (organic/conventional), and AveragePrice needed to calculate the average cost of organic avocados in Chicago for 2017. Other files are unrelated to avocados or Chicago.","price, median, produce, transacted, metro",The average cost of organic avocados sold in Chicago in 2017 was: 1.8233962264150942,The raw result is:  The average cost of organic avocados sold in Chicago in 2017 was: 1.8233962264150942,
29,2026-04-16 15:05:24,"In the 2024 cost of living data, how many countries have a 'Groceries Index' higher than the 'Rent Index'?",Cost_of_Living_Index_by_Country_2024.csv,"expenditure, nations, food, accommodation, metrics","2024, cost, living, data, country, grocery, index, higher, rent, expenditure, nations, food",0,True,"The user question specifically asks about 2024 cost of living data comparing Groceries Index and Rent Index. Only Cost_of_Living_Index_by_Country_2024.csv contains the relevant topic (cost of living) and year (2024). The topics include rent, grocery, and index which are needed for this comparison. All other files are about happiness data or education expenditure which are unrelated to cost of living indices.","expenditure, nations, food, accommodation, metrics",,"It appears there is no data available to compare the Groceries and Rent Indices for 2024, so I can't provide that count.",
30,2026-04-16 15:09:08,Which nations had the lowest score in well-being and life expectancy in 2017?,2017.csv,"country, minimum, index, longevity, survival","nation, lowest, score, life, expectancy, 2017, country, minimum, index, longevity, survival",0,True,The file 2017.csv contains both Happiness.Score (well-being) and Health..Life.Expectancy. columns needed to answer the question about nations with lowest scores in 2017. This file matches the exact year requested and contains both required metrics.,"country, minimum, index, longevity, survival",,"I'm sorry, but there is no data available to answer your question about the nations with the lowest well-being and life expectancy scores in 2017.",
31,2026-04-16 15:11:48,Compare the happiness score of Italy in 2015 with its happiness score in 2019. Did it improve?,"2015.csv, 2019.csv","evaluate, indicator, satisfaction, increase, contrast","compare, happiness, score, italy, 2015, 2019, did, improve, evaluate, indicator, satisfaction, increase",0,False,"The user needs to compare happiness scores for Italy in 2015 and 2019. The 2015.csv file contains happiness data for 2015, and the 2019.csv file contains happiness data for 2019. These are the only two files that contain the specific years requested with happiness topic data.","evaluate, indicator, satisfaction, increase, contrast","[EXECUTION ERROR]:  Traceback (most recent call last):    File ""/home/gabriele.martinelli/LakeGen/LakeGen_T/.venv/lib/python3.14/site-packages/pandas/core/indexes/base.py"", line 3812, in get_loc      return self._engine.get_loc(casted_key)             ~~~~~~~~~~~~~~~~~~~~^^^^^^^^^^^^    File ""pandas/_libs/index.pyx"", line 167, in pandas._libs.index.IndexEngine.get_loc    File ""pandas/_libs/index.pyx"", line 196, in pandas._libs.index.IndexEngine.get_loc    File ""pandas/_libs/hashtable_class_helper.pxi"",",,
32,2026-04-16 15:12:04,Compare the happiness score of Italy in 2015 with its happiness score in 2019. Did it improve?,"2015.csv, 2019.csv","evaluate, indicator, satisfaction, increase, contrast","compare, happiness, score, italy, 2015, 2019, did, improve, evaluate, indicator, satisfaction, increase",1,True,"The user needs to compare happiness scores for Italy in 2015 and 2019. The 2015.csv file contains happiness data for 2015, and the 2019.csv file contains happiness data for 2019. These are the only two files that contain the specific years requested with happiness topic data.","evaluate, indicator, satisfaction, increase, contrast",Italy Happiness Score 2015: 5.948  Italy Happiness Score 2019: 6.223  Improvement: True,"Yes, Italy's happiness score improved, rising from 5.948 in 2015 to 6.223 in 2019.",
33,2026-04-16 15:20:24,"Which country has the highest score in the world, and what is its local purchasing power index?","2019.csv, Cost_of_Living_Index_by_Country_2024.csv","nation, ranking, global, regional, indicator","country, highest, score, world, local, purchasing, power, index, nation, ranking, global, regional",0,True,"Need 2019.csv for the highest happiness score by country (Score column) and Cost_of_Living_Index_by_Country_2024.csv for the Local Purchasing Power Index. The user wants to know which country has the highest score and its purchasing power index, requiring data from both files.","nation, ranking, global, regional, indicator","Country: finland, Local Purchasing Power Index: 118.0","Based on the provided data, Finland has a local purchasing power index of 118.0.",
34,2026-04-16 15:23:30,Is there a relationship between avocado prices and the happiness of a region?,"avocado.csv, 2019.csv","correlation, welfare, cost, commodity, district","relationship, avocado, price, happiness, region, correlation, welfare, cost, commodity, district",0,True,avocado.csv contains avocado price data with region information. 2019.csv contains happiness data for countries. Both files have joinable columns (region/country) to analyze the relationship between avocado prices and happiness. Using 2019.csv as it is the most recent year per the missing year rule.,"correlation, welfare, cost, commodity, district",ERROR_EMPTY: No matching records found for those filters,"Unfortunately, I couldn't find any data to answer that question, as there are no matching records available for the relationship between avocado prices and happiness.",
35,2026-04-16 15:24:55,Which 5 countries produced the most Netflix TV shows released after 2018?,netflix_titles.csv,"nations, created, series, premiered, titles","5, country, produced, netflix, tv, show, released, 2018, nations, created, series, premiered",0,True,"The netflix_titles.csv file contains the required columns (country, release_year, type) to identify Netflix TV shows released after 2018 and count by country. No other files contain Netflix-related data, so this single file is sufficient to answer the question.","nations, created, series, premiered, titles",country  count  96   United States    382  85  United Kingdom     60  74     South Korea     56  48           Japan     41  40           India     38,"The United States produced the most shows with 382, followed by the United Kingdom with 60, South Korea with 56, Japan with 41, and India with 38.",
36,2026-04-16 15:26:42,What is the total gross income generated by the 'Health and beauty' product line for each branch in the supermarket dataset?,SuperMarket Analysis.csv,"revenue, earnings, sales, store, segment","total, gross, income, generated, health, beauty, product, line, branch, supermarket, dataset, revenue",0,True,"The SuperMarket Analysis.csv file contains the required topics: gross (for gross income), product (for 'Health and beauty' product line), branch (for each branch), and supermarket (for supermarket dataset). All other candidate files are about completely unrelated topics (avocados, education, happiness, university rankings, Netflix) and cannot provide the requested supermarket product line income data.","revenue, earnings, sales, store, segment",Branch  gross income  0   Alex       599.893  1  Cairo       951.460  2   Giza       791.206,"For the Health and beauty product line, the total gross income is 599.893 for Alex, 951.460 for Cairo, and 791.206 for Giza.",
37,2026-04-16 15:30:02,Which non-Legendary Water-type Pokémon has the highest total stats (Total)?,Pokemon.csv,"aquatic, species, common, maximum, sum","non, legendary, water, type, pokémon, highest, total, stats, aquatic, species, common, maximum",0,True,"Pokemon.csv is the only file containing Pokémon data with columns for type, legendary status, and stats (attack, speed, special, total). The other files (avocado.csv and education_expenditure_supplementary_data.csv) are completely unrelated to Pokémon data and cannot be used to answer this question.","aquatic, species, common, maximum, sum","Name     GyaradosMega Gyarados  Total                      640  Name: 141, dtype: object","Based on the data provided, Gyarados (Mega Gyarados) has the highest total stats at 640.",
38,2026-04-16 15:32:50,"According to CWUR data from 2015, what is the average university score in Japan?",cwurData.csv,"ranking, rating, index, mean, institution","according, cwur, data, 2015, average, university, score, japan, ranking, rating, index, mean",0,True,"The cwurData.csv file contains CWUR data with columns for country, score, and year. It can be used to filter for Japan and 2015 to calculate the average university score.","ranking, rating, index, mean, institution",46.265270270270264,The raw result is:  46.265270270270264,
39,2026-04-16 15:40:10,Calculate the average of the 'Restaurant Price Index' of the 10 happiest countries in the world according to the 2018 report.,"2018.csv, Cost_of_Living_Index_by_Country_2024.csv","compute, mean, dining, cost, metric","calculate, average, restaurant, price, index, 10, happiest, country, world, according, 2018, report, compute, mean, dining, cost, metric",0,True,"Need 2018.csv to identify the top 10 happiest countries by rank, and Cost_of_Living_Index_by_Country_2024.csv to get the Restaurant Price Index for those countries to calculate the average.","compute, mean, dining, cost, metric",69.94000000000001,"According to the 2018 report, the average Restaurant Price Index for the 10 happiest countries is 69.94.",
40,2026-04-16 15:41:11,"How many Pokémon have a higher 'Attack' stat than 'Defense' stat, and belong to the 'Fire' Type (Type 1)?",Pokemon.csv,"offense, resistance, element, species, attribute","pokémon, higher, attack, stat, defense, belong, type, 1, offense, resistance, element, species, attribute",0,True,"The user question asks about Pokémon Attack/Defense stats and Fire Type. Pokemon.csv contains the relevant columns (attack, defensive, type) needed to answer this question. 2017.csv is about happiness/survey data and is completely unrelated to Pokémon, so it should be excluded.","offense, resistance, element, species, attribute",43,There are 43 Pokémon that have a higher Attack stat than Defense and belong to the Fire type.,
41,2026-04-16 15:44:26,Which country experienced the largest increase in its Happiness Score from 2018 to 2019?,"2018.csv, 2019.csv",,"country, experienced, largest, increase, happiness, score, 2018, 2019",0,True,"These two files contain happiness score data for countries in 2018 and 2019 respectively, which are needed to calculate the increase in happiness scores between these two years. The other files are either from different years (2015, 2016, 2017) or are about unrelated topics (schools, Shanghai rankings, university rankings, avocados).",,Country: Burundi  Increase: 0.8700000000000001,"Burundi experienced the largest increase in its Happiness Score from 2018 to 2019, with a rise of approximately 0.87 points.",
42,2026-04-16 15:47:45,"Among the top 20 happiest countries in 2019, which country has the lowest 'Groceries Index'?","2019.csv, Cost_of_Living_Index_by_Country_2024.csv","ranking, nation, basket, satisfaction, metric","20, happiest, country, 2019, lowest, grocery, index, ranking, nation, basket, satisfaction, metric",0,True,"Need 2019.csv to identify the top 20 happiest countries in 2019, and Cost_of_Living_Index_by_Country_2024.csv to get the Groceries Index values for those countries. Both files are required to join on country name and answer the question.","ranking, nation, basket, satisfaction, metric","Country or region    Czech Republic  Groceries Index                44.4  Name: 19, dtype: object","According to the provided data, the Czech Republic has the lowest Groceries Index among the top 20 happiest countries in 2019, with a value of 44.4.",
43,2026-04-16 15:51:34,What is the most common 'rating' for Movies directed by 'Steven Spielberg' on Netflix?,netflix_titles.csv,"frequent, score, film, helmed, platform","common, rating, movie, directed, steven, spielberg, netflix, frequent, score, film, helmed, platform",0,True,"The user question asks about Netflix movies directed by Steven Spielberg and their ratings. Only netflix_titles.csv contains the relevant columns (director, rating, movie, title, netflix) needed to answer this question. All other files are about completely unrelated topics (university rankings, happiness index, education expenditure).","frequent, score, film, helmed, platform",PG,The most common rating for movies directed by Steven Spielberg on Netflix is PG.,
44,2026-04-16 15:52:46,What is the total sum of sales for the 'Electronic accessories' product line in the city of 'Yangon'?,SuperMarket Analysis.csv,"revenue, turnover, aggregate, segment, region","total, sum, sale, electronic, accessory, product, line, city, yangon, revenue, turnover, aggregate, segment, region",0,True,"The SuperMarket Analysis.csv file contains the necessary columns (City, Product line, Sales) to answer the question about total sales for Electronic accessories in Yangon. The other candidate files are about unrelated topics (avocados, education expenditure, cost of living) and cannot provide the required sales data.","revenue, turnover, aggregate, segment, region",18317.1135,The total sales for the 'Electronic accessories' product line in Yangon amount to 18317.1135.,
45,2026-04-16 16:01:50,What is the title of the longest 'Movie' (in minutes) released on Netflix in the year 2020?,netflix_titles.csv,,"title, longest, movie, minute, released, netflix, year, 2020",0,False,"The user question is about Netflix movies released in 2020. The netflix_titles.csv file contains the necessary columns including title, duration, and release_year which are needed to find the longest movie from 2020. The cwurData.csv file is about universities and patents and is completely unrelated to Netflix content, so it should be excluded.",,"[EXECUTION ERROR]:  Traceback (most recent call last):    File ""/home/gabriele.martinelli/LakeGen/LakeGen_T/coding/script.py"", line 30, in <module>      df_2020['duration_minutes'] = df_2020['duration'].apply(parse_duration)                                    ~~~~~~~~~~~~~~~~~~~~~~~~~^^^^^^^^^^^^^^^^    File ""/home/gabriele.martinelli/LakeGen/LakeGen_T/.venv/lib/python3.14/site-packages/pandas/core/series.py"", line 4943, in apply      ).apply()        ~~~~~^^    File ""/home/gabriele.martinelli/LakeGen/L",,
46,2026-04-16 16:03:38,What is the title of the longest 'Movie' (in minutes) released on Netflix in the year 2020?,netflix_titles.csv,,"title, longest, movie, minute, released, netflix, year, 2020",1,True,"The user question is about Netflix movies released in 2020. The netflix_titles.csv file contains the necessary columns including title, duration, and release_year which are needed to find the longest movie from 2020. The cwurData.csv file is about universities and patents and is completely unrelated to Netflix content, so it should be excluded.",,,"I'm sorry, but there is no data available in the provided results to determine the title of the longest movie released on Netflix in 2020.",
47,2026-04-16 16:06:21,What is the title of the longest 'Movie' (in minutes) released on Netflix in the year 2020?,netflix_titles.csv,,"title, longest, movie, minute, released, netflix, year, 2020",0,False,"The netflix_titles.csv file contains all necessary columns (title, duration, release_year) to identify the longest Netflix movie from 2020. The cwurData.csv file is about university rankings and is completely unrelated to Netflix content, so it should be excluded.",,"[EXECUTION ERROR]:  Traceback (most recent call last):    File ""/home/gabriele.martinelli/LakeGen/LakeGen_T/coding/script.py"", line 28, in <module>      df_filtered['duration_minutes'] = df_filtered['duration'].apply(parse_duration)                                        ~~~~~~~~~~~~~~~~~~~~~~~~~~~~~^^^^^^^^^^^^^^^^    File ""/home/gabriele.martinelli/LakeGen/LakeGen_T/.venv/lib/python3.14/site-packages/pandas/core/series.py"", line 4943, in apply      ).apply()        ~~~~~^^    File ""/home/gabriele.mart",,
48,2026-04-16 16:08:59,What is the title of the longest 'Movie' released on Netflix in the year 2020?,netflix_titles.csv,"name, runtime, film, premiered, platform","title, longest, movie, released, netflix, year, 2020, name, runtime, film, premiered, platform",0,False,"The netflix_titles.csv file contains all necessary columns (title, duration, release_year, listed_in) to identify the longest movie released on Netflix in 2020. The cwurData.csv file is about university rankings and patents, which is completely unrelated to Netflix movie data and should be excluded.","name, runtime, film, premiered, platform","[EXECUTION ERROR]:  Traceback (most recent call last):    File ""/home/gabriele.martinelli/LakeGen/LakeGen_T/coding/script.py"", line 28, in <module>      filtered_df['duration_minutes'] = filtered_df['duration'].apply(parse_duration)                                        ~~~~~~~~~~~~~~~~~~~~~~~~~~~~~^^^^^^^^^^^^^^^^    File ""/home/gabriele.martinelli/LakeGen/LakeGen_T/.venv/lib/python3.14/site-packages/pandas/core/series.py"", line 4943, in apply      ).apply()        ~~~~~^^    File ""/home/gabriele.mart",,
49,2026-04-16 16:10:54,What is the title of the longest 'Movie' released on Netflix in the year 2020?,netflix_titles.csv,"name, runtime, film, premiered, platform","title, longest, movie, released, netflix, year, 2020, name, runtime, film, premiered, platform",1,True,"The netflix_titles.csv file contains all necessary columns (title, duration, release_year, listed_in) to identify the longest movie released on Netflix in 2020. The cwurData.csv file is about university rankings and patents, which is completely unrelated to Netflix movie data and should be excluded.","name, runtime, film, premiered, platform",,I'm afraid I couldn't find any data to answer your question about the longest movie released on Netflix in 2020.,
50,2026-04-16 16:19:41,"Using the CWUR dataset, which country has the highest total number of university appearances in the Top 100 across all recorded years?",cwurData.csv,"nation, maximum, count, institution, entries","using, cwur, dataset, country, highest, total, number, university, appearance, 100, recorded, year, nation, maximum, count, institution, entries",0,True,"The cwurData.csv file contains the CWUR dataset with columns for country, world_rank, and year. This is the only file specifically related to CWUR university rankings. The question asks about university appearances in the Top 100 across all recorded years, and this file has the necessary data (country, world_rank for filtering Top 100, and year for all recorded years). The other files (2015.csv, 2016.csv, 2017.csv, 2018.csv) are unrelated datasets about happiness and dystopia, not university rankings.","nation, maximum, count, institution, entries",Country with highest total number of university appearances in Top 100: USA  Total appearances: 223,"Based on the CWUR dataset, the USA has the highest total number of university appearances in the Top 100, with 223 appearances recorded across all years.",
51,2026-04-16 16:21:16,Calculate the difference in the average 'Total' stats between Pokémon whose name contains the word 'Mega' and those that do not.,Pokemon.csv,"compute, mean, delta, aggregate, attributes","calculate, difference, average, total, stats, pokémon, contains, word, mega, compute, mean, delta, aggregate, attributes",0,True,The user question asks for calculations regarding Pokemon stats specifically filtering by name containing Mega. The file Pokemon.csv is the only dataset containing Pokemon related data. All other files relate to cost of living avocados education university rankings or happiness indices.,"compute, mean, delta, aggregate, attributes",Difference in average 'Total' stats: 190.44,There is a difference of 190.44 in the average 'Total' stats between Pokémon whose names contain 'Mega' and those that do not.,
52,2026-04-16 16:27:43,"List the top 5 countries with the highest 'Local Purchasing Power Index', but only include countries that have a Happiness Score strictly greater than 6.0 in the 2019 report.","2019.csv, Cost_of_Living_Index_by_Country_2024.csv",,"list, 5, country, highest, local, purchasing, power, index, include, happiness, score, strictly, greater, 6, 0, 2019, report",0,True,Need 2019.csv for Happiness Score filtering (score > 6.0) and Cost_of_Living_Index_by_Country_2024.csv for Local Purchasing Power Index ranking. These two tables can be joined on country name to answer the question.,,,"Unfortunately, no data was found in the provided results to answer your question about the top countries with the highest Local Purchasing Power Index and a Happiness Score above 6.0.",
53,2026-04-16 16:32:10,What is the total amount of 'Tax 5%' paid by 'Normal' customers purchasing items from the 'Food and beverages' product line?,SuperMarket Analysis.csv,"sum, levy, clients, category, remitted","total, tax, 5, paid, normal, customer, purchasing, item, food, beverage, product, line, sum, levy, clients, category, remitted",0,True,"This file contains all required columns: Customer type (for Normal customers), Product line (for Food and beverages), and Tax 5% (the tax amount to sum). The other files are unrelated to the question topic.","sum, levy, clients, category, remitted",1015.355,"According to the records, the total Tax 5% paid by Normal customers on items from the Food and beverages product line amounts to 1015.355.",
54,2026-04-17 14:53:27,Who is the most frequent actor (in the 'cast' column) across all 'TV Shows' on Netflix?,netflix_titles.csv,"performer, talent, roster, attribute, series","frequent, actor, cast, column, tv, show, netflix, performer, talent, roster, attribute, series",0,True,"The netflix_titles.csv file contains the cast column needed to identify actors, the type column to filter for TV Shows, and the listed_in column to identify Netflix content. This is the only available file and it has all the necessary columns to answer the question about the most frequent actor in TV Shows on Netflix.","performer, talent, roster, attribute, series",Most frequent actor: Takahiro Sakurai with 25 appearances,"Takahiro Sakurai is the most frequent actor across all TV shows on Netflix, with a total of 25 appearances.",
55,2026-04-17 14:56:42,Which month (as a number) generated the highest total 'gross income' across all branches?,SuperMarket Analysis.csv,"period, revenue, aggregate, peak, outlet","month, number, generated, highest, total, gross, income, branch, period, revenue, aggregate, peak, outlet",0,True,"This file contains Branch, Date, and gross income columns which are all needed to calculate total gross income by month across branches.","period, revenue, aggregate, peak, outlet",1,The raw result is:  1,
56,2026-04-17 15:00:21,How many unique universities in the CWUR dataset contain the word 'Technology' or 'Institute' in their name?,cwurData.csv,,"unique, university, cwur, dataset, contain, word, technology, institute",0,True,The user explicitly asks about the CWUR dataset. cwurData.csv contains the institution column with university names and is the only file needed to answer the question about counting unique universities with Technology or Institute in their names.,,84,"According to the CWUR dataset, there are 84 unique universities that contain either 'Technology' or 'Institute' in their names.",
57,2026-04-17 15:03:48,What is the most common 'Type 2' for Pokémon whose 'Type 1' is 'Water'?,Pokemon.csv,,"common, type, 2, pokémon, 1, water",0,True,The Pokemon.csv file contains the required columns Type 1 and Type 2 needed to answer the question about Type 2 for Pokémon whose Type 1 is Water. This is the only available file and it is directly relevant to the topic.,,The most common 'Type 2' is 'Ground',"For Water-type Pokémon, the Ground type is the most common second type.",
58,2026-04-17 15:06:34,Do 'Female' customers spend more on average per transaction ('Total') than 'Male' customers in the 'Health and beauty' product line? Answer True or False.,SuperMarket Analysis.csv,,"female, customer, spend, average, transaction, total, male, health, beauty, product, line, answer, true, false",0,True,"This file contains gender, product, and transaction columns needed to compare spending between Female and Male customers in the Health and beauty product line. All other files are unrelated to customer spending data.",,False,"The answer is False, meaning Female customers do not spend more on average per transaction than Male customers in the Health and beauty product line.",
59,2026-04-17 15:21:26,What is the ratio of the 'Score' (Happiness) to the 'Cost of Living Index' for 'Italy' in the 2018 report?,"2018.csv, Cost_of_Living_Index_by_Country_2024.csv",,"ratio, score, happiness, cost, living, index, italy, 2018, report",0,True,The 2018.csv file contains the Happiness Score for Italy in 2018. The Cost_of_Living_Index_by_Country_2024.csv file contains the Cost of Living Index for Italy. Both files are needed to calculate the ratio of Score to Cost of Living Index for Italy.,,Ratio of Score to Cost of Living Index for Italy: 0.10676156583629892,"Based on the 2018 report, the ratio of Italy's Happiness Score to its Cost of Living Index is 0.10676156583629892.",
60,2026-04-17 15:25:50,Which country had the biggest drop in its 'Overall rank' from 2018 to 2019? (Note: dropping in rank means the numerical rank increased).,"2018.csv, 2019.csv",,"country, biggest, drop, overall, rank, 2018, 2019, note, dropping, mean, numerical, increased",0,True,Both files are needed to compare Overall rank changes between 2018 and 2019. 2018.csv contains the 2018 rankings and 2019.csv contains the 2019 rankings. The user explicitly requests data spanning these two years to identify which country had the biggest drop in rank.,,"Country or region    Malaysia  rank_2018                  35  rank_2019                  80  rank_change                45  Name: 34, dtype: object","Malaysia had the biggest drop in its overall rank from 2018 to 2019, falling from 35th to 80th place.",
61,2026-04-17 15:28:09,What is the average 'Rent Index' of the countries that produced more than 500 total titles (movies and shows) on Netflix?,"netflix_titles.csv, Cost_of_Living_Index_by_Country_2024.csv","mean, licensing, metric, nation, content","average, rent, index, country, produced, 500, total, title, movie, show, netflix, mean, licensing, metric, nation, content",0,True,netflix_titles.csv contains country and title data needed to count total titles per country and filter those with more than 500 titles. Cost_of_Living_Index_by_Country_2024.csv contains the Rent Index column needed to calculate the average rent index for qualifying countries. Both files share a Country column that can be used for joining.,"mean, licensing, metric, nation, content",23.650000000000002,The average Rent Index for countries that produced more than 500 total titles on Netflix is 23.65.,
62,2026-04-17 15:30:11,"In the year 2014, how many countries had at least one university in the top 50 for 'quality_of_education'?",cwurData.csv,"institution, nation, ranking, performance, standards","year, 2014, country, university, 50, quality_of_education, institution, nation, ranking, performance, standards",0,True,"cwurData.csv is the only file containing the quality_of_education column needed to answer the question about universities ranked by quality of education. The file has world_rank, institution, country, quality_of_education, and year columns which are all required to count countries with universities in the top 50 for quality_of_education in 2014.","institution, nation, ranking, performance, standards",9,"In 2014, there were 9 countries that had at least one university in the top 50 for quality of education.",
63,2026-04-17 15:32:43,"Which 'Generation' of Pokémon has the highest average 'Speed', when excluding 'Legendary' Pokémon?",Pokemon.csv,"velocity, mean, maximum, mythical, filtering","generation, pokémon, highest, average, speed, excluding, legendary, velocity, mean, maximum, mythical, filtering",0,True,"The user question asks about Pokémon generations and their speed statistics, excluding legendary Pokémon. The Pokemon.csv file contains the required columns: generation, speed, and legendary. The Cost_of_Living_Index_by_Country_2024.csv file is completely unrelated to Pokémon data and should be excluded.","velocity, mean, maximum, mythical, filtering","Generation: 1, Average Speed: 71.0875","Based on the data provided, Generation 1 has the highest average speed of 71.0875.",
64,2026-04-17 15:37:20,Who is the most frequent actor (in the 'cast' column) across all 'TV Shows' on Netflix?,netflix_titles.csv,"performer, entity, attribute, series, primary","frequent, actor, cast, column, tv, show, netflix, performer, entity, attribute, series, primary",0,True,"The user question asks about Netflix TV shows and actors in the cast column. The netflix_titles.csv file contains topics related to TV, show, movie, netflix, and other relevant metadata. The education_expenditure_supplementary_data.csv file is about education expenditure and is completely unrelated to the Netflix TV shows topic.","performer, entity, attribute, series, primary",Most frequent actor:  with 350 appearances,The raw result is:  Most frequent actor:  with 350 appearances,
65,2026-04-17 15:43:25,Who is the most frequent actor (in the 'cast' column) across all 'TV Shows' on Netflix?,netflix_titles.csv,"performer, recurring, ensemble, field, series","frequent, actor, cast, column, tv, show, netflix, performer, recurring, ensemble, field, series",0,True,"The user question asks about Netflix TV shows and actors in the cast column. The netflix_titles.csv file contains topics related to TV, show, movie, netflix, and has relevant columns for TV show data. The shanghaiData.csv file is about academic rankings and is completely unrelated to the Netflix TV show topic.","performer, recurring, ensemble, field, series",,The raw result is:  ,
66,2026-04-17 15:45:35,Which month (as a number) generated the highest total 'gross income' across all branches?,SuperMarket Analysis.csv,"timestamp, earnings, aggregate, peak, outlet","month, number, generated, highest, total, gross, income, branch, timestamp, earnings, aggregate, peak, outlet",0,True,"This file contains the required columns Branch, Date, and gross income which are needed to calculate total gross income by month across all branches.","timestamp, earnings, aggregate, peak, outlet",1,The data shows that month 1 generated the highest total gross income across all branches.,
67,2026-04-17 15:47:34,How many unique universities in the CWUR dataset contain the word 'Technology' or 'Institute' in their name?,cwurData.csv,"colleges, institutions, database, records, entities","unique, university, cwur, dataset, contain, word, technology, institute, colleges, institutions, database, records, entities",0,True,"The user question specifically asks about the CWUR dataset. cwurData.csv is the only file with CWUR-related data and contains an institution column with university names. The other candidate files are about unrelated topics (supermarkets, education expenditure, Shanghai rankings, Times Higher Education) and should be excluded.","colleges, institutions, database, records, entities",84,"Based on the data provided, there are 84 unique universities in the CWUR dataset that contain the word 'Technology' or 'Institute' in their names.",
68,2026-04-17 15:51:06,What is the most common 'Type 2' for Pokémon whose 'Type 1' is 'Water'?,Pokemon.csv,,"common, type, 2, pokémon, 1, water",0,True,The Pokemon.csv file contains the required columns Type 1 and Type 2 which are needed to answer the question about the most common Type 2 for Pokémon whose Type 1 is Water. This is the only available file and it has all the necessary data.,,The most common 'Type 2' is 'Ground',"According to the data, Ground is the most common second type for Pokémon that have Water as their first type.",
69,2026-04-17 15:54:45,Do 'Female' customers spend more on average per transaction ('Total') than 'Male' customers in the 'Health and beauty' product line? Answer True or False.,SuperMarket Analysis.csv,"users, expenditure, mean, category, demographics.<|endoftext|><|im_start|>user  i have a dataset of customer purchase records. i want to analyze the average spending per customer across different product categories.","female, customer, spend, average, transaction, total, male, health, beauty, product, line, answer, true, false, users, expenditure, mean, category, demographics",0,True,"This file contains Gender, Product line, and Sales columns needed to compare average spending between Female and Male customers in the Health and beauty product line. All other candidate files are unrelated to customer spending data.","users, expenditure, mean, category, demographics.<|endoftext|><|im_start|>user i have a dataset of c",False,"Based on the data, the answer is False, meaning Female customers do not spend more on average per transaction than Male customers in the Health and beauty product line.",
70,2026-04-17 15:57:26,What is the ratio of the 'Score' (Happiness) to the 'Cost of Living Index' for 'Italy' in the 2018 report?,"2018.csv, Cost_of_Living_Index_by_Country_2024.csv","proportion, metric, satisfaction, expenditure, indicator","ratio, score, happiness, cost, living, index, italy, 2018, report, proportion, metric, satisfaction, expenditure, indicator",0,True,"Need 2018.csv for Italy happiness score in 2018 and Cost_of_Living_Index_by_Country_2024.csv for cost of living index data. Note: The cost of living data is from 2024, not 2018, as no 2018 cost of living file is available in the Data Lake.","proportion, metric, satisfaction, expenditure, indicator",0.10676156583629892,"In the 2018 report, the ratio of Italy's Happiness Score to its Cost of Living Index is approximately 0.1068.",
71,2026-04-17 16:00:18,Which country had the biggest drop in its 'Overall rank' from 2018 to 2019? (Note: dropping in rank means the numerical rank increased).,"2018.csv, 2019.csv","position, decline, nation, index, magnitude","country, biggest, drop, overall, rank, 2018, 2019, note, dropping, mean, numerical, increased, position, decline, nation, index, magnitude",0,True,"These two files contain the required data for comparing Overall rank changes between 2018 and 2019. Both files have 'overall', 'country', and the respective year columns needed to calculate the rank drop. Other files are either from different years or cover unrelated topics (schools, universities, cost of living).","position, decline, nation, index, magnitude","country      Malaysia  rank_2018          35  rank_2019          80  rank_drop          45  Name: 34, dtype: object","Malaysia had the biggest drop in its overall rank from 2018 to 2019, falling 45 positions from 35 to 80.",
72,2026-04-17 16:02:59,What is the average 'Rent Index' of the countries that produced more than 500 total titles (movies and shows) on Netflix?,"netflix_titles.csv, Cost_of_Living_Index_by_Country_2024.csv","mean, nations, created, content, pricing","average, rent, index, country, produced, 500, total, title, movie, show, netflix, mean, nations, created, content, pricing",0,True,netflix_titles.csv is needed to count total titles per country and filter countries with more than 500 titles. Cost_of_Living_Index_by_Country_2024.csv is needed to retrieve the Rent Index for those qualifying countries. Both files are required to complete the analysis.,"mean, nations, created, content, pricing",,"Unfortunately, no data was found in the provided results to answer your question about the average Rent Index for countries that produced more than 500 titles.",
73,2026-04-17 16:14:44,What is the average 'Rent Index' of the countries that produced more than 500 total titles (movies and shows) on Netflix?,"netflix_titles.csv, Cost_of_Living_Index_by_Country_2024.csv",,"average, rent, index, country, produced, 500, total, title, movie, show, netflix",0,True,netflix_titles.csv is needed to count total titles per country and filter countries with more than 500 titles. Cost_of_Living_Index_by_Country_2024.csv is needed to get the Rent Index for those countries. Both files have country columns that can be used for joining.,,23.650000000000002,The average Rent Index for countries that produced more than 500 total titles on Netflix is 23.65.,
74,2026-04-17 16:19:26,"In the year 2014, how many countries had at least one university in the top 50 for 'quality_of_education'?",cwurData.csv,"nation, institution, ranking, academic, performance","year, 2014, country, university, 50, quality_of_education, nation, institution, ranking, academic, performance",0,True,The user asks about 2014 university quality_of_education rankings. cwurData.csv is the only file with the quality_of_education column and year column. It contains university ranking data with country information needed to count countries in top 50. Other files either lack quality_of_education column or are about happiness data instead of universities.,"nation, institution, ranking, academic, performance",9,"In 2014, nine countries had at least one university in the top 50 for quality of education.",
75,2026-04-17 16:29:00,"Which 'Generation' of Pokémon has the highest average 'Speed', when excluding 'Legendary' Pokémon?",Pokemon.csv,,"generation, pokémon, highest, average, speed, excluding, legendary",0,True,"Pokemon.csv contains the required columns generation, speed, and legendary needed to calculate average speed by generation while excluding legendary Pokémon. Cost_of_Living_Index_by_Country_2024.csv is unrelated to Pokémon data and should not be used.",,"Generation  1    71.0875  Name: Speed, dtype: float64","Based on the data provided, Generation 1 has the highest average speed of 71.0875.",
76,2026-04-17 16:31:39,"What are the top 5 countries in the world by happiness score, and what is their cost of living index?","2019.csv, Cost_of_Living_Index_by_Country_2024.csv","nations, satisfaction, metrics, affordability, rankings","5, country, world, happiness, score, cost, living, index, nations, satisfaction, metrics, affordability, rankings",0,True,2019.csv provides happiness scores and country rankings for the most recent year available. Cost_of_Living_Index_by_Country_2024.csv provides cost of living index data by country. Both files are needed to join on country name and answer the question about top 5 happiest countries and their cost of living indices.,"nations, satisfaction, metrics, affordability, rankings",Country or region  Score  Cost of Living Index  0           Finland  7.769                  63.2  1           Denmark  7.600                  72.3  2            Norway  7.554                  76.0  3           Iceland  7.494                  83.0  4       Netherlands  7.488                  63.1,"Finland leads the pack with a happiness score of 7.769 and a cost of living index of 63.2, followed by Denmark, Norway, Iceland, and the Netherlands with scores of 7.600, 7.554, 7.494, and 7.488, and cost of living indices of 72.3, 76.0, 83.0, and 63.1 respectively.",
77,2026-04-17 16:34:24,How many countries have a happiness score above 6 but a Local Purchasing Power Index (LPI) below 50?,"2019.csv, Cost_of_Living_Index_by_Country_2024.csv","nation, satisfaction, metric, indicator, threshold","country, happiness, score, 6, local, purchasing, power, index, lpi, 50, nation, satisfaction, metric, indicator, threshold",0,True,"2019.csv contains happiness scores for countries, Cost_of_Living_Index_by_Country_2024.csv contains Local Purchasing Power Index (LPI) data. These two files can be joined on country names to filter countries with happiness score above 6 and LPI below 50.","nation, satisfaction, metric, indicator, threshold",12,There are 12 countries that have a happiness score above 6 and a Local Purchasing Power Index below 50.,
78,2026-04-17 16:45:50,Which nations had the lowest score in well-being and life expectancy in 2017?,2017.csv,"countries, minimum, index, welfare, longevity","nation, lowest, score, life, expectancy, 2017, countries, minimum, index, welfare, longevity",0,True,"The 2017.csv file contains both Happiness.Score (well-being) and Health..Life.Expectancy. (life expectancy) columns for 2017, which are exactly the metrics the user needs to identify nations with the lowest scores in both categories.","countries, minimum, index, welfare, longevity",,"Unfortunately, no data was found to identify the nations with the lowest scores in well-being and life expectancy for 2017. The provided results do not contain any specific records for that year.",
79,2026-04-17 16:48:25,Calculate the average of the 'Restaurant Price Index' of the 10 happiest countries in the world according to the 2018 report.,"2018.csv, Cost_of_Living_Index_by_Country_2024.csv","mean, compute, expenditure, metric, nation","calculate, average, restaurant, price, index, 10, happiest, country, world, according, 2018, report, mean, compute, expenditure, metric, nation",0,True,The 2018.csv file contains the happiness rankings from the 2018 report needed to identify the top 10 happiest countries. The Cost_of_Living_Index_by_Country_2024.csv file contains the Restaurant Price Index column needed to calculate the average for those countries.,"mean, compute, expenditure, metric, nation",69.94000000000001,"According to the 2018 report, the average Restaurant Price Index for the 10 happiest countries is 69.94.",
80,2026-04-17 16:58:48,What is the total sum of sales for the 'Electronic accessories' product line in the city of 'Yangon'?,SuperMarket Analysis.csv,"aggregate, revenue, category, location, hardware","total, sum, sale, electronic, accessory, product, line, city, yangon, aggregate, revenue, category, location, hardware",0,True,"The SuperMarket Analysis.csv file contains the necessary columns (City, Product line, Sales) to calculate total sales for Electronic accessories in Yangon. The other candidate files are about unrelated topics (avocados, education expenditure, cost of living) and cannot provide the required data.","aggregate, revenue, category, location, hardware",18317.1135,The total sum of sales for the 'Electronic accessories' product line in Yangon is 18317.1135.,
81,2026-04-20 09:34:31,"Which 'Generation' of Pokémon has the highest average 'Speed', when excluding 'Legendary' Pokémon?",Pokemon.csv,"cycle, rate, mean, maximum, mythical","generation, pokémon, highest, average, speed, excluding, legendary, cycle, rate, mean, maximum, mythical",0,True,"The Pokemon.csv file contains all necessary columns (generation, speed, legendary) to answer the question about which Pokémon generation has the highest average speed excluding legendary Pokémon. The Cost_of_Living_Index_by_Country_2024.csv file is unrelated to Pokémon data and should not be used.","cycle, rate, mean, maximum, mythical","Generation        1.0000  Average_Speed    71.0875  Name: 0, dtype: float64","When excluding Legendary Pokémon, Generation 1 has the highest average speed, reaching a value of 71.0875.",
82,2026-04-20 09:37:32,"In the year 2014, how many countries had at least one university in the top 50 for 'quality_of_education'?",cwurData.csv,,"year, 2014, country, university, 50, quality_of_education",0,True,"The user asks about 2014 university rankings with quality_of_education metric. cwurData.csv is the only file containing university ranking data with quality_of_education column and year column. The other files (2015-2019.csv) are about Happiness data, not university rankings. school_and_country_table.csv lacks year and quality metrics. shanghaiData.csv has university data but no quality_of_education column.",,9,"In 2014, there were 9 countries that had at least one university in the top 50 for quality of education.",
83,2026-04-20 09:42:47,What is the average 'Rent Index' of the countries that produced more than 500 total titles (movies and shows) on Netflix?,,,,0,False,,,,,ReadTimeout: 
84,2026-04-20 09:44:13,What is the average 'Rent Index' of the countries that produced more than 500 total titles (movies and shows) on Netflix?,"netflix_titles.csv, Cost_of_Living_Index_by_Country_2024.csv","mean, metric, nation, generated, content","average, rent, index, country, produced, 500, total, title, movie, show, netflix, mean, metric, nation, generated, content",0,True,"netflix_titles.csv contains country and title data to count titles per country. Cost_of_Living_Index_by_Country_2024.csv contains Country and Rent Index. Both files are needed to join on country, filter countries with >500 titles, and calculate average Rent Index.","mean, metric, nation, generated, content",23.650000000000002,"For countries that produced more than 500 total titles on Netflix, the average Rent Index is 23.65.",
85,2026-04-20 09:49:36,Which country had the biggest drop in its 'Overall rank' from 2018 to 2019? (Note: dropping in rank means the numerical rank increased).,"2018.csv, 2019.csv",,"country, biggest, drop, overall, rank, 2018, 2019, note, dropping, mean, numerical, increased",0,True,"The question requires comparing 'Overall rank' data from 2018 to 2019. Both 2018.csv and 2019.csv contain the necessary columns: 'rank', 'overall', 'country', and year identifiers. These files will allow us to calculate the rank changes between the two years and identify which country had the biggest drop.",,"country_2018      Benin  Overall rank_x      136  Overall rank_y      102  rank_change          34  Name: 133, dtype: object","Based on the provided data, Benin had the biggest drop in its overall rank, with a rank change of 34 positions between 2018 and 2019.",
86,2026-04-20 10:03:01,Which country had the biggest drop in its 'Overall rank' from 2018 to 2019? (Note: dropping in rank means the numerical rank increased).,"2018.csv, 2019.csv","entity, standing, decrease, maximum, metric","country, biggest, drop, overall, rank, 2018, 2019, note, dropping, mean, numerical, increased, entity, standing, decrease, maximum, metric",0,True,Both files are needed to compare 'Overall rank' values for each country between 2018 and 2019. The 2018.csv contains rank data for 2018 and 2019.csv contains rank data for 2019. Both have the required columns 'Overall rank' and 'Country or region' to identify which country had the biggest numerical increase in rank (drop in ranking) between these two years.,"entity, standing, decrease, maximum, metric",35  Malaysia     6.322     1.161     1.258     0.669     0.356     0.311     0.059        80     5.339     1.221     1.171     0.828     0.508      0.26     0.024        45,"Based on the provided data, Malaysia had the biggest drop in its overall rank from 2018 to 2019, falling from 35 to 80.",
87,2026-04-20 10:05:57,What is the ratio of the 'Score' (Happiness) to the 'Cost of Living Index' for 'Italy' in the 2018 report?,"2018.csv, Cost_of_Living_Index_by_Country_2024.csv","proportion, satisfaction, expense, indicator, study","ratio, score, happiness, cost, living, index, italy, 2018, report, proportion, satisfaction, expense, indicator, study",0,True,"Need 2018.csv for happiness Score data for Italy in 2018. Need Cost_of_Living_Index_by_Country_2024.csv for Cost of Living Index data. Note: Cost of Living data is from 2024, not 2018, as no 2018 cost of living file is available.","proportion, satisfaction, expense, indicator, study",0.10676156583629892,"Based on the data provided, the ratio of the Happiness Score to the Cost of Living Index for Italy in the 2018 report is 0.10676156583629892.",
88,2026-04-20 10:09:37,Do 'Female' customers spend more on average per transaction ('Total') than 'Male' customers in the 'Health and beauty' product line? Answer True or False.,SuperMarket Analysis.csv,,"female, customer, spend, average, transaction, total, male, health, beauty, product, line, answer, true, false",0,True,"This file contains Gender, Product line, and Sales columns needed to compare average spending between Male and Female customers in the Health and beauty product line. No other files are required.",,False,"Based on the data provided, the answer is False, meaning Female customers do not spend more on average per transaction than Male customers in the Health and beauty product line.",
89,2026-04-20 10:11:25,What is the most common 'Type 2' for Pokémon whose 'Type 1' is 'Water'?,Pokemon.csv,"secondary, frequent, category, creature, dual","common, type, 2, pokémon, 1, water, secondary, frequent, category, creature, dual",0,True,"The Pokemon.csv file contains all necessary columns including Type 1 and Type 2, which are required to answer the question about the most common Type 2 for Pokémon whose Type 1 is Water. No other files are needed.","secondary, frequent, category, creature, dual",Type 2  size  Ground    10,"Based on the data provided, Ground is the most common Type 2 for Water-type Pokémon, appearing 10 times.",
90,2026-04-20 10:20:18,Which month (as a number) generated the highest total 'gross income' across all branches?,SuperMarket Analysis.csv,"period, revenue, peak, outlet, aggregate","month, number, generated, highest, total, gross, income, branch, period, revenue, peak, outlet, aggregate",0,True,"This file contains all required columns: Branch, Date, and gross income. The Date column can be used to extract month information, and gross income is directly available for calculating totals across branches.","period, revenue, peak, outlet, aggregate",1,"Based on the data provided, month 1 generated the highest total gross income across all branches.",
91,2026-04-20 10:21:59,Who is the most frequent actor (in the 'cast' column) across all 'TV Shows' on Netflix?,netflix_titles.csv,"performer, attribute, series, top, roster","frequent, actor, cast, column, tv, show, netflix, performer, attribute, series, top, roster",0,False,This file contains the cast column needed to identify actors and the type column to filter for TV Shows. It is the only available file and has all necessary data to answer the question.,"performer, attribute, series, top, roster","[EXECUTION ERROR]:  Traceback (most recent call last):    File ""/home/gabriele.martinelli/LakeGen/LakeGen_T/coding/script.py"", line 21, in <module>      actors_df['cast'] = actors_df['cast'].str.strip().str.lower()                          ~~~~~~~~~^^^^^^^^    File ""/home/gabriele.martinelli/LakeGen/LakeGen_T/.venv/lib/python3.14/site-packages/pandas/core/series.py"", line 1133, in __getitem__      return self._get_value(key)             ~~~~~~~~~~~~~~~^^^^^    File ""/home/gabriele.martinelli/LakeGen/Lak",,
92,2026-04-20 10:23:01,Who is the most frequent actor (in the 'cast' column) across all 'TV Shows' on Netflix?,netflix_titles.csv,"performer, attribute, series, top, roster","frequent, actor, cast, column, tv, show, netflix, performer, attribute, series, top, roster",1,True,This file contains the cast column needed to identify actors and the type column to filter for TV Shows. It is the only available file and has all necessary data to answer the question.,"performer, attribute, series, top, roster","cast  takahiro sakurai    25  Name: count, dtype: int64","Based on the data, Takahiro Sakurai is the most frequent actor across all TV Shows on Netflix, appearing 25 times in the cast.",
93,2026-04-20 10:24:53,What is the total amount of 'Tax 5%' paid by 'Normal' customers purchasing items from the 'Food and beverages' product line?,SuperMarket Analysis.csv,"sum, levy, client, segment, merchandise","total, tax, 5, paid, normal, customer, purchasing, item, food, beverage, product, line, sum, levy, client, segment, merchandise",0,True,"This file contains all required columns: Tax 5%, Customer type (for Normal customers), and Product line (for Food and beverages). No other files are needed as this is a single-table query.","sum, levy, client, segment, merchandise",1015.355,The data shows that the total 'Tax 5%' paid by Normal customers for items in the Food and beverages product line is 1015.355.,
94,2026-04-20 10:26:50,"List the top 5 countries with the highest 'Local Purchasing Power Index', but only include countries that have a Happiness Score strictly greater than 6.0 in the 2019 report.","2019.csv, Cost_of_Living_Index_by_Country_2024.csv","nations, rankings, thresholds, indicators, satisfaction","list, 5, country, highest, local, purchasing, power, index, include, happiness, score, strictly, greater, 6, 0, 2019, report, nations, rankings, thresholds, indicators, satisfaction",0,True,Need 2019.csv for Happiness Score filtering (2019 report requirement) and Cost_of_Living_Index_by_Country_2024.csv for Local Purchasing Power Index ranking. Both files share Country column for joining.,"nations, rankings, thresholds, indicators, satisfaction",Overall rank       Country  Score  GDP per capita  Social support  Healthy life expectancy  Freedom to make life choices  Generosity  Perceptions of corruption  Rank  Cost of Living Index  Rent Index  Cost of Living Plus Rent Index  Groceries Index  Restaurant Price Index  Local Purchasing Power Index             14    Luxembourg  7.090           1.609           1.479                    1.012                         0.526       0.194                      0.316    20                  62.4        4,"Based on the 2019 report, the top five countries with the highest Local Purchasing Power Index among those with a Happiness Score above 6.0 are Luxembourg, Kuwait, Qatar, Switzerland, and the United States.",
95,2026-04-20 10:35:44,Calculate the difference in the average 'Total' stats between Pokémon whose name contains the word 'Mega' and those that do not.,"Cost_of_Living_Index_by_Country_2024.csv, avocado.csv","compute, mean, attributes, delta, species","calculate, difference, average, total, stats, pokémon, contains, word, mega, compute, mean, attributes, delta, species",0,True,Timeout reached. Fallback to top 2 tables.,"compute, mean, attributes, delta, species","Available columns in Cost of Living table: ['Rank', 'Country', 'Cost of Living Index', 'Rent Index', 'Cost of Living Plus Rent Index', 'Groceries Index', 'Restaurant Price Index', 'Local Purchasing Power Index']  Available columns in Avocado table: ['Unnamed: 0', 'Date', 'AveragePrice', 'Total Volume', '4046', '4225', '4770', 'Total Bags', 'Small Bags', 'Large Bags', 'XLarge Bags', 'type', 'year', 'region']  ERROR_EMPTY: No 'Total' column found in available tables. Neither table contains Pokémon d","Unfortunately, the available data does not include any Pokémon information, so I cannot calculate the difference in average 'Total' stats between Mega and non-Mega Pokémon.",
96,2026-04-20 10:38:22,Calculate the difference in the average 'Total' stats between Pokémon whose name contains the word 'Mega' and those that do not.,Pokemon.csv,"compute, mean, sum, delta, metrics","calculate, difference, average, total, stats, pokémon, contains, word, mega, compute, mean, sum, delta, metrics",0,True,"The user question asks for statistics about Pokémon, specifically filtering by name and calculating average Total stats. Only the file Pokemon.csv contains data related to Pokémon. All other candidate files relate to unrelated topics such as cost of living, avocados, education, university rankings, and happiness indices.","compute, mean, sum, delta, metrics",190.44,The difference in the average 'Total' stats between Pokémon whose name contains the word 'Mega' and those that do not is 190.44.,
97,2026-04-20 10:46:02,"Using the CWUR dataset, which country has the highest total number of university appearances in the Top 100 across all recorded years?","cwurData.csv, school_and_country_table.csv",,"using, cwur, dataset, country, highest, total, number, university, appearance, 100, recorded, year",0,True,Timeout reached. Fallback to top 2 tables.,,USA  223,"Based on the data provided, the USA has the highest total number of university appearances in the Top 100, with 223 appearances recorded across all years.",
98,2026-04-21 10:06:21,Which non-Legendary Water-type Pokémon has the highest total stats (Total)?,Pokemon.csv,"common, aquatic, peak, sum, attributes","non, legendary, water, type, pokémon, highest, total, stats, common, aquatic, peak, sum, attributes",0,True,"Pokemon.csv is the only file containing Pokémon data including type, legendary status, and stat information needed to identify non-Legendary Water-type Pokémon with the highest total stats. The other two files (avocado.csv and education_expenditure_supplementary_data.csv) are completely unrelated to Pokémon data.","common, aquatic, peak, sum, attributes",GyaradosMega Gyarados                    640,The raw result is:  GyaradosMega Gyarados                    640,
99,2026-04-21 10:08:25,What is the total gross income generated by the 'Health and beauty' product line for each branch in the supermarket dataset?,SuperMarket Analysis.csv,"revenue, turnover, earnings, outlet, category","total, gross, income, generated, health, beauty, product, line, branch, supermarket, dataset, revenue, turnover, earnings, outlet, category",0,True,"The SuperMarket Analysis.csv file contains the required topics: gross (for gross income), product (for 'Health and beauty' product line), branch (for each branch), and supermarket (for supermarket dataset). All other candidate files are about completely unrelated topics (avocados, education, happiness, netflix) and cannot answer this question.","revenue, turnover, earnings, outlet, category",Branch  gross income    Alex       599.893   Cairo       951.460    Giza       791.206,"The total gross income for the 'Health and beauty' product line is 599.893 at the Alex branch, 951.460 at Cairo, and 791.206 at Giza.",
100,2026-04-21 10:10:11,Calculate the average of the 'Restaurant Price Index' of the 10 happiest countries in the world according to the 2018 report.,"2018.csv, Cost_of_Living_Index_by_Country_2024.csv","mean, compute, nations, cost, indicator","calculate, average, restaurant, price, index, 10, happiest, country, world, according, 2018, report, mean, compute, nations, cost, indicator",0,True,"Need 2018.csv to identify the top 10 happiest countries from the 2018 happiness report, and Cost_of_Living_Index_by_Country_2024.csv to retrieve the Restaurant Price Index for those countries.","mean, compute, nations, cost, indicator",69.94000000000001,"According to the 2018 report, the average Restaurant Price Index for the 10 happiest countries is 69.94.",
